,securityName,secId,performanceId,holdingTypeId,weighting,numberOfShare,marketValue,shareChange,country,ticker,totalReturn1Year,forwardPERatio,stockRating,assessment,economicMoat,sector,sectorCode,holdingTrend,holdingType,isin,cusip,secondarySectorId,superSectorName,primarySectorName,secondarySectorName,firstBoughtDate,maturityDate,coupon,currency,localCurrencyCode,prospectusNetExpenseRatio,oneYearReturn,morningstarRating,ePUsedForOverallRating,analystRating,medalistRating,medalistRatingLabel,overallRatingPublishDateUtc,totalAssets,ttmYield,epUsedFor1YearReturn,morningstarCategory,totalAssetsMagnitude,lastTurnoverRatio,susEsgRiskScore,susEsgRiskGlobes,esgAsOfDate,susEsgRiskCategory,managementExpenseRatio,qualRating,quantRating,bestRatingType,securityType,domicileCountryId,currencyName,originalMarketValue,isMomentumFilterFlag
0,Commonwealth Bank of Australia,0P00006WEM,0P00006WEM,E,8.25398,2714968.0,277151109.0,-13104.0,Australia,CBA,2.0886,23.4742,1,Overvalued,Wide,Financial Services,financialService,"{'trend': [299621237.0, 307177564.0, 271539997.0, 277151109.0]}",Equity,AU000000CBA7,,,,,,2010-02-28T06:00:00.000,,,AUD,AUD,,,,0,,,,,,,0,,,,15.8493,4.0,2025-12-03T06:00:00.000,Low,,,2,Qual,ST,AUS,Australian Dollar,277151109.0,False
1,BHP Group Ltd,0P00006WAE,0P00006WAE,E,7.25353,8239741.0,243558265.0,-39813.0,Australia,BHP,13.1855,13.947,3,Fairly Valued,None,Basic Materials,basicMaterials,"{'trend': [231700136.0, 235869314.0, 225168388.0, 243558265.0]}",Equity,AU000000BHP4,,,,,,2010-02-28T06:00:00.000,,,AUD,AUD,,,,0,,,,,,,0,,,,27.2382,3.0,2025-12-03T06:00:00.000,Medium,,,3,Qual,ST,AUS,Australian Dollar,243558265.0,False
2,AIA Group Ltd,0P0000Q79U,0P0000Q79U,E,5.05476,17042024.0,169728187.0,-82200.0,Hong Kong,01299,39.792,13.4409,4,Undervalued,None,Financial Services,financialService,"{'trend': [165424953.0, 168575970.0, 176426625.0, 169728187.0]}",Equity,HK0000069689,,,,,,2010-12-31T06:00:00.000,,,HKD,HKD,,,,0,,,,,,,0,,,,15.7457,4.0,2025-12-03T06:00:00.000,Low,,,3,Qual,ST,HKG,Hong Kong Dollar,169728187.0,False
3,DBS Group Holdings Ltd,0P0000A67J,0P0000A67J,E,4.29766,3454735.0,144306146.0,-19500.0,Singapore,D05,32.169,13.7552,2,Overvalued,Narrow,Financial Services,financialService,"{'trend': [136255911.0, 144008163.0, 144554327.0, 144306146.0]}",Equity,SG1L01001701,,,,,,2010-02-28T06:00:00.000,,,SGD,SGD,,,,0,,,,,,,0,,,,14.5837,4.0,2025-12-03T06:00:00.000,Low,,,3,Qual,ST,SGP,Singapore Dollar,144306146.0,False
4,Westpac Banking Corp,0P00006X21,0P00006X21,E,4.14107,5548748.0,139048429.0,-26970.0,Australia,WBC,26.189,18.3486,2,Overvalued,Wide,Financial Services,financialService,"{'trend': [143066931.0, 141782144.0, 136784640.0, 139048429.0]}",Equity,AU000000WBC1,,,,,,2010-02-28T06:00:00.000,,,AUD,AUD,,,,0,,,,,,,0,,,,12.6988,4.0,2025-12-03T06:00:00.000,Low,,,2,Qual,ST,AUS,Australian Dollar,139048429.0,False
5,National Australia Bank Ltd,0P00006WQA,0P00006WQA,E,4.0227,4969036.0,135073822.0,-24174.0,Australia,NAB,16.5072,17.4825,2,Overvalued,Wide,Financial Services,financialService,"{'trend': [145027274.0, 142893931.0, 130673595.0, 135073822.0]}",Equity,AU000000NAB4,,,,,,2010-02-28T06:00:00.000,,,AUD,AUD,,,,0,,,,,,,0,,,,14.6631,4.0,2025-12-03T06:00:00.000,Low,,,3,Qual,ST,AUS,Australian Dollar,135073822.0,False
6,ANZ Group Holdings Ltd,0P00006W6R,0P00006W6R,E,3.37199,4839957.0,113224321.0,-23610.0,Australia,ANZ,28.6745,14.0845,3,Fairly Valued,Wide,Financial Services,financialService,"{'trend': [106241656.0, 116946711.0, 109948514.0, 113224321.0]}",Equity,AU000000ANZ3,,,,,,2023-01-03T06:00:00.000,,,AUD,AUD,,,,0,,,,,,,0,,,,21.4516,3.0,2025-12-03T06:00:00.000,Medium,,,3,Qual,ST,AUS,Australian Dollar,113224321.0,False
7,Hong Kong Exchanges and Clearing Ltd,0P00009RX8,0P00009RX8,E,3.01678,1956932.0,101296932.0,0.0,Hong Kong,00388,32.8719,27.1739,3,Fairly Valued,Wide,Financial Services,financialService,"{'trend': [108212398.0, 104536470.0, 103305982.0, 101296932.0]}",Equity,HK0388045442,,,,,,2010-02-28T06:00:00.000,,,HKD,HKD,,,,0,,,,,,,0,,,,16.2136,4.0,2025-12-03T06:00:00.000,Low,,,3,Qual,ST,HKG,Hong Kong Dollar,101296932.0,False
8,Wesfarmers Ltd,0P00006X1T,0P00006X1T,E,2.95067,1840828.0,99077072.0,-9003.0,Australia,WES,12.8418,32.6797,1,Overvalued,Wide,Consumer Cyclical,consumerCyclical,"{'trend': [112131280.0, 101948228.0, 98846979.0, 99077072.0]}",Equity,AU000000WES1,,,,,,2010-02-28T06:00:00.000,,,AUD,AUD,,,,0,,,,,,,0,,,,13.9352,4.0,2025-12-03T06:00:00.000,Low,,,1,Qual,ST,AUS,Australian Dollar,99077072.0,False
9,CSL Ltd,0P00006WCJ,0P00006WCJ,E,2.82523,787009.0,94865081.0,-3849.0,Australia,CSL,-32.2938,25.974,5,Undervalued,Narrow,Healthcare,healthcare,"{'trend': [102951351.0, 92440388.0, 96153250.0, 94865081.0]}",Equity,AU000000CSL8,,,,,,2010-02-28T06:00:00.000,,,AUD,AUD,,,,0,,,,,,,0,,,,25.0256,3.0,2025-12-03T06:00:00.000,Medium,,,3,Qual,ST,AUS,Australian Dollar,94865081.0,True
10,Oversea-Chinese Banking Corp Ltd,0P0000A68H,0P0000A68H,E,2.39257,5492841.0,80337543.0,-27000.0,Singapore,O39,20.1191,11.4943,3,Fairly Valued,Narrow,Financial Services,financialService,"{'trend': [69907504.0, 72390304.0, 78460069.0, 80337543.0]}",Equity,SG1S04926220,,,,,,2010-02-28T06:00:00.000,,,SGD,SGD,,,,0,,,,,,,0,,,,20.1794,3.0,2025-12-03T06:00:00.000,Medium,,,3,Qual,ST,SGP,Singapore Dollar,80337543.0,False
11,Sea Ltd ADR,0P0001BRQ3,0P0001BRQ3,E,2.29567,620542.0,77083727.0,-3048.0,Singapore,SE,6.5905,31.9489,4,Undervalued,Narrow,Consumer Cyclical,consumerCyclical,"{'trend': [110821536.0, 97653125.0, 86262516.0, 77083727.0]}",Equity,US81141R1005,81141R100,,,,,2021-05-27T05:00:00.000,,,USD,USD,,,,0,,,,,,,0,,,,23.3408,3.0,2025-12-03T06:00:00.000,Medium,,,4,Qual,ST,CYM,US Dollar,77083727.0,False
12,Macquarie Group Ltd,0P00006WOC,0P00006WOC,E,2.24851,587539.0,75500259.0,-2889.0,Australia,MQG,-7.6695,17.094,3,Fairly Valued,Narrow,Financial Services,financialService,"{'trend': [85793491.0, 84858210.0, 75920586.0, 75500259.0]}",Equity,AU000000MQG1,,,,,,2014-01-31T06:00:00.000,,,AUD,AUD,,,,0,,,,,,,0,,,,19.8524,4.0,2025-12-03T06:00:00.000,Low,,,4,Qual,ST,AUS,Australian Dollar,75500259.0,False
13,Goodman Group,0P0000A13L,0P0000A13L,ER,1.92007,3316747.0,64471951.0,-16389.0,Australia,GMG,-20.1396,22.8311,3,Fairly Valued,Narrow,Real Estate,realEstate,"{'trend': [71448260.0, 71757023.0, 64557797.0, 64471951.0]}",Equity,AU000000GMG2,,,,,,2019-10-17T05:00:00.000,,,AUD,AUD,,,,0,,,,,,,0,,,,11.3619,4.0,2025-12-03T06:00:00.000,Low,,,3,Qual,ST,AUS,Australian Dollar,64471951.0,False
14,Rio Tinto Ltd,0P00006WVI,0P00006WVI,E,1.63978,603389.0,55060378.0,-2997.0,Australia,RIO,20.2843,20.202,2,Overvalued,None,Basic Materials,basicMaterials,"{'trend': [48684635.0, 52905619.0, 52343181.0, 55060378.0]}",Equity,AU000000RIO1,,,,,,2010-02-28T06:00:00.000,,,AUD,AUD,,,,0,,,,,,,0,,,,20.9612,3.0,2025-12-03T06:00:00.000,Medium,,,3,Qual,ST,AUS,Australian Dollar,55060378.0,False
15,United Overseas Bank Ltd,0P0000A692,0P0000A692,E,1.5912,2025319.0,53429092.0,-9900.0,Singapore,U11,-0.698,10.2669,4,Undervalued,Narrow,Financial Services,financialService,"{'trend': [54767376.0, 54656804.0, 53136965.0, 53429092.0]}",Equity,SG1M31001969,,,,,,2010-02-28T06:00:00.000,,,SGD,SGD,,,,0,,,,,,,0,,,,14.8175,4.0,2025-12-03T06:00:00.000,Low,,,3,Qual,ST,SGP,Singapore Dollar,53429092.0,False
16,Woodside Energy Group Ltd,0P00006X25,0P00006X25,E,1.50541,3084946.0,50548440.0,-15363.0,Australia,WDS,11.0043,16.7224,5,Undervalued,None,Energy,energy,"{'trend': [46955989.0, 50497933.0, 50436138.0, 50548440.0]}",Equity,AU0000224040,980228100,,,,,2010-02-28T06:00:00.000,,,AUD,AUD,,,,0,,,,,,,0,,,,35.5496,2.0,2025-12-03T06:00:00.000,High,,,5,Qual,ST,AUS,Australian Dollar,50548440.0,False
17,Transurban Group,0P00006X04,0P00006X04,E,1.46452,5051023.0,49175474.0,-25188.0,Australia,TCL,19.0662,285.7143,3,Fairly Valued,Wide,Industrials,industrials,"{'trend': [46037575.0, 48227941.0, 49455051.0, 49175474.0]}",Equity,AU000000TCL6,,,,,,2010-02-28T06:00:00.000,,,AUD,AUD,,,,0,,,,,,,0,,,,7.6725,5.0,2025-12-03T06:00:00.000,Negligible,,,3,Qual,ST,AUS,Australian Dollar,49175474.0,False
18,Singapore Telecommunications Ltd,0P0000A69D,0P0000A69D,E,1.26885,12052783.0,42605446.0,-60600.0,Singapore,Z74,57.2078,23.31,2,Overvalued,None,Communication Services,communicationsServices,"{'trend': [38659911.0, 39604674.0, 44019268.0, 42605446.0]}",Equity,SG1T75931496,,,,,,2010-02-28T06:00:00.000,,,SGD,SGD,,,,0,,,,,,,0,,,,19.3504,4.0,2025-12-03T06:00:00.000,Low,,,2,Qual,ST,SGP,Singapore Dollar,42605446.0,False
19,Fortescue Ltd,0P00006WI4,0P00006WI4,E,1.23141,2749514.0,41348041.0,-13839.0,Australia,FMG,19.09,16.2602,2,Overvalued,None,Basic Materials,basicMaterials,"{'trend': [34078201.0, 38557393.0, 38604942.0, 41348041.0]}",Equity,AU000000FMG4,,,,,,2010-02-28T06:00:00.000,,,AUD,AUD,,,,0,,,,,,,0,,,,25.6861,3.0,2025-12-03T06:00:00.000,Medium,,,3,Qual,ST,AUS,Australian Dollar,41348041.0,False
20,Northern Star Resources Ltd,0P00006Y45,0P00006Y45,E,1.17767,2209302.0,39543502.0,-11151.0,Australia,NST,66.4478,18.3486,1,Overvalued,None,Basic Materials,basicMaterials,"{'trend': [34526930.0, 35816610.0, 39351561.0, 39543502.0]}",Equity,AU000000NST8,,,,,,2020-05-29T05:00:00.000,,,AUD,AUD,,,,0,,,,,,,0,,,,32.7922,2.0,2025-12-03T06:00:00.000,High,,,2,Qual,ST,AUS,Australian Dollar,39543502.0,False
21,Woolworths Group Ltd,0P00006X26,0P00006X26,E,1.15609,1981480.0,38819072.0,-9996.0,Australia,WOW,0.2639,23.1481,4,Undervalued,Wide,Consumer Defensive,consumerDefensive,"{'trend': [35099636.0, 37076936.0, 38100085.0, 38819072.0]}",Equity,AU000000WOW2,,,,,,2010-02-28T06:00:00.000,,,AUD,AUD,,,,0,,,,,,,0,,,,20.1242,3.0,2025-12-03T06:00:00.000,Medium,,,3,Qual,ST,AUS,Australian Dollar,38819072.0,False
22,Aristocrat Leisure Ltd,0P00006W8X,0P00006W8X,E,1.03086,901590.0,34613981.0,-4575.0,Australia,ALL,-14.6959,22.0264,4,Undervalued,Wide,Consumer Cyclical,consumerCyclical,"{'trend': [42168752.0, 37896065.0, 34494420.0, 34613981.0]}",Equity,AU000000ALL7,,,,,,2015-05-31T05:00:00.000,,,AUD,AUD,,,,0,,,,,,,0,,,,19.3062,4.0,2025-12-03T06:00:00.000,Low,,,3,Qual,ST,AUS,Australian Dollar,34613981.0,False
23,Brambles Ltd,0P0000A1L5,0P0000A1L5,E,1.0008,2216033.0,33604816.0,-11253.0,Australia,BXB,22.8528,25.3165,3,Fairly Valued,Wide,Industrials,industrials,"{'trend': [36443444.0, 36266642.0, 34966162.0, 33604816.0]}",Equity,AU000000BXB1,,,,,,2010-02-28T06:00:00.000,,,AUD,AUD,,,,0,,,,,,,0,,,,12.2629,4.0,2025-12-03T06:00:00.000,Low,,,2,Qual,ST,AUS,Australian Dollar,33604816.0,False
24,Coles Group Ltd,0P0001F3YF,0P0001F3YF,E,0.94372,2182275.0,31688078.0,-11130.0,Australia,COL,19.6381,23.5294,1,Overvalued,None,Consumer Defensive,consumerDefensive,"{'trend': [33406800.0, 31665481.0, 31943306.0, 31688078.0]}",Equity,AU0000030678,,,,,,2018-11-21T06:00:00.000,,,AUD,AUD,,,,0,,,,,,,0,,,,19.2701,4.0,2025-12-03T06:00:00.000,Low,,,1,Qual,ST,AUS,Australian Dollar,31688078.0,False
25,QBE Insurance Group Ltd,0P00006WU7,0P00006WU7,E,0.92667,2445776.0,31115579.0,-12492.0,Australia,QBE,6.0574,17.2117,2,Overvalued,None,Financial Services,financialService,"{'trend': [33390780.0, 32198575.0, 30876184.0, 31115579.0]}",Equity,AU000000QBE9,,,,,,2010-02-28T06:00:00.000,,,AUD,AUD,,,,0,,,,,,,0,,,,12.7198,4.0,2025-12-03T06:00:00.000,Low,,,2,Qual,ST,AUS,Australian Dollar,31115579.0,False
26,CK Hutchison Holdings Ltd,0P00009ROZ,0P00009ROZ,E,0.90793,4372958.0,30486400.0,-21000.0,Hong Kong,00001,34.3217,5.8445,4,Undervalued,None,Industrials,industrials,"{'trend': [28778610.0, 29091967.0, 30863908.0, 30486400.0]}",Equity,KYG217651051,,,,,,2010-02-28T06:00:00.000,,,HKD,HKD,,,,0,,,,,,,0,,,,34.9771,2.0,2025-12-03T06:00:00.000,High,,,5,Qual,ST,CYM,Hong Kong Dollar,30486400.0,False
27,Sun Hung Kai Properties Ltd,0P00009RPC,0P00009RPC,E,0.86189,2337334.0,28940338.0,-10500.0,Hong Kong,00016,34.202,11.976,3,Fairly Valued,None,Real Estate,realEstate,"{'trend': [28208129.0, 28744216.0, 29600947.0, 28940338.0]}",Equity,HK0016000132,,,,,,2018-04-03T05:00:00.000,,,HKD,HKD,,,,0,,,,,,,0,,,,15.1609,4.0,2025-12-03T06:00:00.000,Low,,,3,Qual,ST,HKG,Hong Kong Dollar,28940338.0,False
28,BOC Hong Kong Holdings Ltd,0P00009S9Y,0P00009S9Y,E,0.86022,6016250.0,28884433.0,-30000.0,China,02388,59.4032,10.142,3,Fairly Valued,None,Financial Services,financialService,"{'trend': [28489637.0, 29947097.0, 28946867.0, 28884433.0]}",Equity,HK2388011192,,,,,,2010-02-28T06:00:00.000,,,HKD,HKD,,,,0,,,,,,,0,,,,16.7403,4.0,2025-12-03T06:00:00.000,Low,,,3,Qual,ST,HKG,Hong Kong Dollar,28884433.0,False
29,Techtronic Industries Co Ltd,0P00009S1D,0P00009S1D,E,0.82638,2371500.0,27748159.0,-12000.0,Hong Kong,00669,-9.4934,15.1057,3,Fairly Valued,,Industrials,industrials,"{'trend': [30298494.0, 28079283.0, 27749133.0, 27748159.0]}",Equity,HK0669013440,,,,,,2014-06-30T05:00:00.000,,,HKD,HKD,,,,0,,,,,,,0,,,,25.9321,3.0,2025-12-03T06:00:00.000,Medium,,,3,Quan,ST,HKG,Hong Kong Dollar,27748159.0,True
30,Evolution Mining Ltd,0P00006X20,0P00006X20,E,0.79061,3292303.0,26546983.0,-17025.0,Australia,EVN,147.3282,18.7617,1,Overvalued,None,Basic Materials,basicMaterials,"{'trend': [23336574.0, 23235201.0, 25650017.0, 26546983.0]}",Equity,AU000000EVN4,,,,,,2025-11-07T06:00:00.000,,,AUD,AUD,,,,0,,,,,,,0,,,,26.9664,3.0,2025-12-03T06:00:00.000,Medium,,,2,Qual,ST,AUS,Australian Dollar,26546983.0,False
31,Hang Seng Bank Ltd,0P00009RP8,0P00009RP8,E,0.70666,1208400.0,23728220.0,-6000.0,Hong Kong,00011,66.8577,14.7929,3,Fairly Valued,None,Financial Services,financialService,"{'trend': [18617860.0, 23882432.0, 23622904.0, 23728220.0]}",Equity,HK0011000095,,,,,,2010-02-28T06:00:00.000,,,HKD,HKD,,,,0,,,,,,,0,,,,17.4156,4.0,2025-12-03T06:00:00.000,Low,,,3,Qual,ST,HKG,Hong Kong Dollar,23728220.0,False
32,CLP Holdings Ltd,0P00009RP0,0P00009RP0,E,0.68769,2664000.0,23091241.0,-13500.0,Hong Kong,00002,8.9862,15.1745,3,Fairly Valued,Narrow,Utilities,utilities,"{'trend': [21980628.0, 23032089.0, 23267571.0, 23091241.0]}",Equity,HK0002007356,,,,,,2010-02-28T06:00:00.000,,,HKD,HKD,,,,0,,,,,,,0,,,,21.4116,3.0,2025-12-03T06:00:00.000,Medium,,,3,Qual,ST,HKG,Hong Kong Dollar,23091241.0,False
33,Scentre Group,0P0000RYFB,0P0000RYFB,ER,0.66926,8465373.0,22472179.0,-44148.0,Australia,SCG,25.694,18.0505,3,Fairly Valued,Narrow,Real Estate,realEstate,"{'trend': [22820296.0, 22602647.0, 22650700.0, 22472179.0]}",Equity,AU000000SCG8,,,,,,2019-10-17T05:00:00.000,,,AUD,AUD,,,,0,,,,,,,0,,,,9.3045,5.0,2025-12-03T06:00:00.000,Negligible,,,3,Qual,ST,AUS,Australian Dollar,22472179.0,False
34,Santos Ltd,0P00006WWB,0P00006WWB,E,0.65599,5276692.0,22026804.0,-27546.0,Australia,STO,2.5715,10.6157,4,Undervalued,None,Energy,energy,"{'trend': [23468564.0, 21848252.0, 22285366.0, 22026804.0]}",Equity,AU000000STO6,,,,,,2010-02-28T06:00:00.000,,,AUD,AUD,,,,0,,,,,,,0,,,,36.3734,2.0,2025-12-03T06:00:00.000,High,,,5,Qual,ST,AUS,Australian Dollar,22026804.0,False
35,Origin Energy Ltd,0P00006WRX,0P00006WRX,E,0.63574,2799449.0,21346746.0,-14685.0,Australia,ORG,17.433,18.0505,2,Overvalued,None,Utilities,utilities,"{'trend': [23108552.0, 22485683.0, 21443292.0, 21346746.0]}",Equity,AU000000ORG5,,,,,,2010-02-28T06:00:00.000,,,AUD,AUD,,,,0,,,,,,,0,,,,33.3656,2.0,2025-12-03T06:00:00.000,High,,,2,Qual,ST,AUS,Australian Dollar,21346746.0,False
36,Fisher & Paykel Healthcare Corp Ltd,0P0000B135,0P0000B135,E,0.62268,954942.0,20908203.0,-5016.0,New Zealand,FPH,3.47,44.0529,1,Overvalued,Narrow,Healthcare,healthcare,"{'trend': [20449368.0, 20300387.0, 20447302.0, 20908203.0]}",Equity,NZFAPE0001S2,,,,,,2017-11-30T06:00:00.000,,,NZD,NZD,,,,0,,,,,,,0,,,,20.8728,3.0,2025-12-03T06:00:00.000,Medium,,,2,Qual,ST,NZL,New Zealand Dollar,20908203.0,False
37,Telstra Group Ltd,0P00006WZD,0P00006WZD,E,0.62207,6423238.0,20887631.0,-33735.0,Australia,TLS,25.5583,24.57,4,Undervalued,Narrow,Communication Services,communicationsServices,"{'trend': [20624184.0, 20808118.0, 20724683.0, 20887631.0]}",Equity,AU000000TLS2,,,,,,2010-02-28T06:00:00.000,,,AUD,AUD,,,,0,,,,,,,0,,,,17.3793,4.0,2025-12-03T06:00:00.000,Low,,,3,Qual,ST,AUS,Australian Dollar,20887631.0,False
38,Xero Ltd,0P0000XARV,0P0000XARV,E,0.61085,269103.0,20511085.0,-1413.0,Australia,XRO,-34.0117,106.383,2,Overvalued,Narrow,Technology,technology,"{'trend': [27977600.0, 25572878.0, 21574725.0, 20511085.0]}",Equity,NZXROE0001S2,,,,,,2020-11-30T06:00:00.000,,,AUD,AUD,,,,0,,,,,,,0,,,,16.8949,4.0,2025-12-03T06:00:00.000,Low,,,4,Qual,ST,NZL,Australian Dollar,20511085.0,False
39,Insurance Australia Group Ltd,0P00006WLV,0P00006WLV,E,0.59952,3869002.0,20130479.0,-20403.0,Australia,IAG,-2.8708,16.3399,2,Overvalued,None,Financial Services,financialService,"{'trend': [20647029.0, 19915894.0, 19689448.0, 20130479.0]}",Equity,AU000000IAG3,,,,,,2010-02-28T06:00:00.000,,,AUD,AUD,,,,0,,,,,,,0,,,,20.7934,3.0,2025-12-03T06:00:00.000,Medium,,,3,Qual,ST,AUS,Australian Dollar,20130479.0,False
40,Grab Holdings Ltd Class A,0P0001NYO7,,E,0.59635,3865660.0,20024119.0,-20367.0,Malaysia,GRAB,-0.5792,57.4713,3,Fairly Valued,None,Technology,technology,"{'trend': [23177193.0, 23258568.0, 21067918.0, 20024119.0]}",Equity,KYG4124C1096,G4124C109,,,,,2022-02-28T06:00:00.000,,,USD,USD,,,,0,,,,,,,0,,,,17.0717,4.0,2025-12-03T06:00:00.000,Low,,,3,Qual,ST,CYM,US Dollar,20024119.0,False
41,Suncorp Group Ltd,0P00006WY9,0P00006WY9,E,0.58618,1742556.0,19682733.0,-9183.0,Australia,SUN,-2.1322,15.8983,3,Fairly Valued,None,Financial Services,financialService,"{'trend': [23602373.0, 22694681.0, 20067056.0, 19682733.0]}",Equity,AU000000SUN6,,,,,,2011-01-31T06:00:00.000,,,AUD,AUD,,,,0,,,,,,,0,,,,20.0041,3.0,2025-12-03T06:00:00.000,Medium,,,3,Qual,ST,AUS,Australian Dollar,19682733.0,False
42,Computershare Ltd,0P00006WEP,0P00006WEP,E,0.57659,848054.0,19360700.0,-4470.0,Australia,CPU,6.8224,24.5098,3,Fairly Valued,Wide,Financial Services,financialService,"{'trend': [20291755.0, 20303909.0, 19965945.0, 19360700.0]}",Equity,AU000000CPU5,,,,,,2010-02-28T06:00:00.000,,,AUD,AUD,,,,0,,,,,,,0,,,,19.7538,4.0,2025-12-03T06:00:00.000,Low,,,3,Qual,ST,AUS,Australian Dollar,19360700.0,False
43,Link Real Estate Investment Trust,0P0000CMHW,0P0000CMHW,ER,0.55586,4241805.0,18664465.0,-22200.0,Hong Kong,00823,11.0484,13.5685,4,Undervalued,None,Real Estate,realEstate,"{'trend': [21743381.0, 22141579.0, 20093219.0, 18664465.0]}",Equity,HK0823032773,,,,,,2019-10-17T05:00:00.000,,,HKD,HKD,,,,0,,,,,,,0,,,,7.8252,5.0,2025-12-03T06:00:00.000,Negligible,,,5,Qual,ST,HKG,Hong Kong Dollar,18664465.0,False
44,Keppel Ltd,0P0000A683,0P0000A683,E,0.55117,2371800.0,18507234.0,-12300.0,Singapore,BN4,53.0435,20.2429,2,Overvalued,None,Industrials,industrials,"{'trend': [16291523.0, 18827365.0, 18752447.0, 18507234.0]}",Equity,SG1U68934629,,,,,,2010-02-28T06:00:00.000,,,SGD,SGD,,,,0,,,,,,,0,,,,28.7749,3.0,2025-12-03T06:00:00.000,Medium,,,2,Qual,ST,SGP,Singapore Dollar,18507234.0,False
45,Cochlear Ltd,0P00006WE9,0P00006WE9,E,0.54587,105303.0,18329264.0,-552.0,Australia,COH,-7.8311,38.7597,2,Overvalued,Wide,Healthcare,healthcare,"{'trend': [19659003.0, 20072557.0, 19271244.0, 18329264.0]}",Equity,AU000000COH5,,,,,,2010-02-28T06:00:00.000,,,AUD,AUD,,,,0,,,,,,,0,,,,17.298,4.0,2025-12-03T06:00:00.000,Low,,,2,Qual,ST,AUS,Australian Dollar,18329264.0,False
46,Jardine Matheson Holdings Ltd,0P0000A60D,0P00007OI8,E,0.53877,264100.0,18090850.0,-1200.0,Singapore,J36,62.4072,,4,Undervalued,,Industrials,industrials,"{'trend': [16474500.0, 15703875.0, 17324960.0, 18090850.0]}",Equity,BMG507361001,,,,,,2016-02-29T06:00:00.000,,,USD,USD,,,,0,,,,,,,0,,,,40.6227,1.0,2025-12-03T06:00:00.000,Severe,,,4,Quan,ST,BMU,US Dollar,18090850.0,False
47,Singapore Exchange Ltd,0P0000NR0N,0P0000NR0N,E,0.52791,1375261.0,17726129.0,0.0,Singapore,S68,38.9936,25.974,2,Overvalued,Wide,Financial Services,financialService,"{'trend': [17443702.0, 17890175.0, 17902869.0, 17726129.0]}",Equity,SG1J26887955,,,,,,2010-02-28T06:00:00.000,,,SGD,SGD,,,,0,,,,,,,0,,,,19.2825,4.0,2025-12-03T06:00:00.000,Low,,,2,Qual,ST,SGP,Singapore Dollar,17726129.0,False
48,CapitaLand Integrated Commercial Trust,0P0000A6ED,0P0000A6ED,ER,0.52395,9867805.0,17593200.0,-51900.0,Singapore,C38U,26.0415,19.4175,3,Fairly Valued,Narrow,Real Estate,realEstate,"{'trend': [16868953.0, 17384076.0, 17904754.0, 17593200.0]}",Equity,SG1M51904654,,,,,,2019-10-17T05:00:00.000,,,SGD,SGD,,,,0,,,,,,,0,,,,9.0338,5.0,2025-12-03T06:00:00.000,Negligible,,,3,Qual,ST,SGP,Singapore Dollar,17593200.0,False
49,Hong Kong and China Gas Co Ltd,0P00009RP1,0P00009RP1,E,0.49462,18383841.0,16608204.0,-93000.0,Hong Kong,00003,24.0527,,3,Fairly Valued,,Utilities,utilities,"{'trend': [15861586.0, 17068799.0, 17095536.0, 16608204.0]}",Equity,HK0003000038,,,,,,2010-02-28T06:00:00.000,,,HKD,HKD,,,,0,,,,,,,0,,,,20.3056,3.0,2025-12-03T06:00:00.000,Medium,,,3,Quan,ST,HKG,Hong Kong Dollar,16608204.0,False
50,South32 Ltd,0P0001608R,0P0001608R,E,0.49156,7229927.0,16505605.0,-38121.0,Australia,S32,6.1985,22.8833,3,Fairly Valued,None,Basic Materials,basicMaterials,"{'trend': [13244538.0, 15214912.0, 15267318.0, 16505605.0]}",Equity,AU000000S320,,,,,,2015-05-31T05:00:00.000,,,AUD,AUD,,,,0,,,,,,,0,,,,20.3445,3.0,2025-12-03T06:00:00.000,Medium,,,3,Qual,ST,AUS,Australian Dollar,16505605.0,False
51,Galaxy Entertainment Group Ltd,0P00009RPN,0P00009RPN,E,0.48219,3194500.0,16190896.0,-15000.0,Hong Kong,00027,9.6721,14.2653,3,Fairly Valued,Narrow,Consumer Cyclical,consumerCyclical,"{'trend': [19633952.0, 17837544.0, 16510825.0, 16190896.0]}",Equity,HK0027032686,,,,,,2011-08-31T05:00:00.000,,,HKD,HKD,,,,0,,,,,,,0,,,,26.3859,3.0,2025-12-03T06:00:00.000,Medium,,,3,Qual,ST,HKG,Hong Kong Dollar,16190896.0,False
52,Singapore Technologies Engineering Ltd,0P0000A6AK,0P0000A6AK,E,0.47795,2529600.0,16048556.0,-13200.0,Singapore,S63,87.8587,26.5957,3,Fairly Valued,Narrow,Industrials,industrials,"{'trend': [16753836.0, 16731455.0, 16211003.0, 16048556.0]}",Equity,SG1F60858221,,,,,,2010-02-28T06:00:00.000,,,SGD,SGD,,,,0,,,,,,,0,,,,32.112,2.0,2025-12-03T06:00:00.000,High,,,2,Qual,ST,SGP,Singapore Dollar,16048556.0,False
53,Futu Holdings Ltd ADR,0P0001GZB0,0P0001GZB0,E,0.47603,92202.0,15984139.0,-483.0,Hong Kong,FUTU,101.138,,3,Fairly Valued,,Financial Services,financialService,"{'trend': [17178830.0, 20000733.0, 15642991.0, 15984139.0]}",Equity,US36118L1061,36118L106,,,,,2021-05-27T05:00:00.000,,,USD,USD,,,,0,,,,,,,0,,,,27.1288,3.0,2025-12-03T06:00:00.000,Medium,,,3,Quan,ST,CYM,US Dollar,15984139.0,False
54,Sigma Healthcare Ltd,0P00006WWU,0P00006WWU,E,0.4727,8421370.0,15872312.0,-44412.0,Australia,SIG,7.0438,42.9185,2,Overvalued,Narrow,Healthcare,healthcare,"{'trend': [14846321.0, 15436448.0, 15905534.0, 15872312.0]}",Equity,AU000000SIG5,,,,,,2025-11-07T06:00:00.000,,,AUD,AUD,,,,0,,,,,,,0,,,,16.152,4.0,2025-12-03T06:00:00.000,Low,,,2,Qual,ST,AUS,Australian Dollar,15872312.0,False
55,CK Asset Holdings Ltd,0P000163XM,0P000163XM,E,0.47175,3150936.0,15840523.0,-16500.0,Hong Kong,01113,27.9755,9.3197,3,Fairly Valued,None,Real Estate,realEstate,"{'trend': [15128123.0, 15801619.0, 16156156.0, 15840523.0]}",Equity,KYG2177B1014,,,,,,2017-09-20T05:00:00.000,,,HKD,HKD,,,,0,,,,,,,0,,,,14.8843,4.0,2025-12-03T06:00:00.000,Low,,,4,Qual,ST,CYM,Hong Kong Dollar,15840523.0,False
56,WiseTech Global Ltd,0P00017S3Y,0P00017S3Y,E,0.46393,323405.0,15577681.0,-1704.0,Australia,WTC,-41.9272,107.5269,5,Undervalued,Wide,Technology,technology,"{'trend': [19513753.0, 14839498.0, 15486739.0, 15577681.0]}",Equity,AU000000WTC3,,,,,,2019-11-26T06:00:00.000,,,AUD,AUD,,,,0,,,,,,,0,,,,20.9423,3.0,2025-12-03T06:00:00.000,Medium,,,3,Qual,ST,AUS,Australian Dollar,15577681.0,True
57,Stockland Corp Ltd,0P00009Y1R,0P00009Y1R,ER,0.45247,3933541.0,15193078.0,-20730.0,Australia,SGP,19.9213,15.9744,2,Overvalued,None,Real Estate,realEstate,"{'trend': [15540152.0, 16203854.0, 15529325.0, 15193078.0]}",Equity,AU000000SGP0,,,,,,2019-10-17T05:00:00.000,,,AUD,AUD,,,,0,,,,,,,0,,,,9.7458,5.0,2025-12-03T06:00:00.000,Negligible,,,2,Qual,ST,AUS,Australian Dollar,15193078.0,False
58,WH Group Ltd Shs Unitary 144A/Reg S,0P00013TTV,0P00013TTV,E,0.44574,13558465.0,14967001.0,-70500.0,Hong Kong,00288,48.7383,112.3596,3,Fairly Valued,Narrow,Consumer Defensive,consumerDefensive,"{'trend': [14817797.0, 13194286.0, 14175645.0, 14967001.0]}",Equity,KYG960071028,,,,,,2014-11-30T06:00:00.000,,,HKD,HKD,,,,0,,,,,,,0,,,,36.288,2.0,2025-12-03T06:00:00.000,High,,,3,Qual,ST,CYM,Hong Kong Dollar,14967001.0,False
59,Power Assets Holdings Ltd,0P00009RP4,0P00009RP4,E,0.44473,2252000.0,14933073.0,-10500.0,Hong Kong,00006,8.4608,,3,Fairly Valued,None,Utilities,utilities,"{'trend': [14374706.0, 14479916.0, 15055564.0, 14933073.0]}",Equity,HK0006000050,,,,,,2011-08-31T05:00:00.000,,,HKD,HKD,,,,0,,,,,,,0,,,,30.7905,2.0,2025-12-03T06:00:00.000,High,,,3,Qual,ST,HKG,Hong Kong Dollar,14933073.0,False
60,Pro Medicus Ltd,0P00006WTX,,E,0.43495,92663.0,14604638.0,-486.0,Australia,PME,-6.7355,156.25,1,Overvalued,Narrow,Healthcare,healthcare,"{'trend': [19098328.0, 16214719.0, 16197208.0, 14604638.0]}",Equity,AU000000PME8,,,,,,2024-05-31T05:00:00.000,,,AUD,AUD,,,,0,,,,,,,0,,,,16.5484,4.0,2025-12-03T06:00:00.000,Low,,,2,Qual,ST,AUS,Australian Dollar,14604638.0,False
61,Medibank Pvt Ltd,0P00014IG3,0P00014IG3,E,0.4133,4487339.0,13877585.0,-23667.0,Australia,MPL,30.2139,18.8324,3,Fairly Valued,Narrow,Financial Services,financialService,"{'trend': [14190389.0, 14265654.0, 13978351.0, 13877585.0]}",Equity,AU000000MPL3,,,,,,2014-12-31T06:00:00.000,,,AUD,AUD,,,,0,,,,,,,0,,,,20.9986,3.0,2025-12-03T06:00:00.000,Medium,,,2,Qual,ST,AUS,Australian Dollar,13877585.0,False
62,CapitaLand Ascendas REIT Units,0P0000A6DZ,0P0000A6DZ,ER,0.40122,6370538.0,13472214.0,-33600.0,Singapore,A17U,14.5148,17.762,3,Fairly Valued,None,Real Estate,realEstate,"{'trend': [13642126.0, 13730532.0, 13821729.0, 13472214.0]}",Equity,SG1M77906915,,,,,,2019-10-17T05:00:00.000,,,SGD,SGD,,,,0,,,,,,,0,,,,13.4748,4.0,2025-12-03T06:00:00.000,Low,,,4,Qual,ST,SGP,Singapore Dollar,13472214.0,False
63,Washington H Soul Pattinson and Co Ltd,0P00006X1H,,E,0.39344,559173.0,13210988.0,-2946.0,Australia,SOL,5.1047,38.61,3,Fairly Valued,None,Financial Services,financialService,"{'trend': [14012332.0, 13957427.0, 13868907.0, 13210988.0]}",Equity,AU000000SOL3,,,,,,2018-11-30T06:00:00.000,,,AUD,AUD,,,,0,,,,,,,0,,,,12.5871,4.0,2025-12-03T06:00:00.000,Low,,,2,Qual,ST,AUS,Australian Dollar,13210988.0,False
64,CAR Group Ltd,0P0000MPEX,0P0000MPEX,E,0.38649,613775.0,12977590.0,-3237.0,Australia,CAR,-17.6241,38.3142,3,Fairly Valued,Narrow,Communication Services,communicationsServices,"{'trend': [14806753.0, 14546417.0, 13995491.0, 12977590.0]}",Equity,AU000000CAR3,,,,,,2023-11-30T06:00:00.000,,,AUD,AUD,,,,0,,,,,,,0,,,,15.6662,4.0,2025-12-03T06:00:00.000,Low,,,3,Qual,ST,AUS,Australian Dollar,12977590.0,False
65,APA Group,0P0000A1NH,0P0000A1NH,E,0.38348,2132116.0,12876307.0,-11244.0,Australia,APA,31.6576,42.3729,3,Fairly Valued,Narrow,Utilities,utilities,"{'trend': [12284849.0, 12610234.0, 12947766.0, 12876307.0]}",Equity,AU000000APA1,,,,,,2012-03-31T05:00:00.000,,,AUD,AUD,,,,0,,,,,,,0,,,,43.4625,1.0,2025-12-03T06:00:00.000,Severe,,,3,Qual,ST,AUS,Australian Dollar,12876307.0,False
66,The Lottery Corp Ltd,0P0001P3VH,,E,0.3744,3621988.0,12571520.0,-19095.0,Australia,TLC,6.1644,29.3255,3,Fairly Valued,Wide,Consumer Cyclical,consumerCyclical,"{'trend': [13942392.0, 12949299.0, 12992933.0, 12571520.0]}",Equity,AU0000219529,,,,,,2022-05-24T05:00:00.000,,,AUD,AUD,,,,0,,,,,,,0,,,,24.0355,3.0,2025-12-03T06:00:00.000,Medium,,,3,Qual,ST,AUS,Australian Dollar,12571520.0,False
67,Lynas Rare Earths Ltd,0P00006WO1,,E,0.37065,1468533.0,12445539.0,-7743.0,Australia,LYC,83.5714,41.4938,1,Overvalued,Narrow,Basic Materials,basicMaterials,"{'trend': [13935573.0, 12445539.0, None, None]}",Equity,AU000000LYC6,,,,,,2025-11-24T06:00:00.000,,,AUD,AUD,,,,0,,,,,,,0,,,,21.0797,3.0,2025-12-03T06:00:00.000,Medium,,,2,Qual,ST,AUS,Australian Dollar,12445539.0,False
68,Singapore Airlines Ltd,0P0000A68O,0P0000A68O,E,0.3652,2538049.0,12262715.0,-13500.0,Singapore,C6L,5.0078,26.2467,3,Fairly Valued,None,Industrials,industrials,"{'trend': [12615932.0, 12775271.0, 12718170.0, 12262715.0]}",Equity,SG1V61937297,,,,,,2010-02-28T06:00:00.000,,,SGD,SGD,,,,0,,,,,,,0,,,,23.2169,3.0,2025-12-03T06:00:00.000,Medium,,,4,Qual,ST,SGP,Singapore Dollar,12262715.0,False
69,Auckland International Airport Ltd,0P0000ATUZ,0P0000ATUZ,E,0.36347,2633509.0,12204621.0,-11220.0,New Zealand,AIA,0.8885,43.8596,4,Undervalued,Wide,Industrials,industrials,"{'trend': [11892216.0, 12085579.0, 11936084.0, 12204621.0]}",Equity,NZAIAE0002S6,,,,,,2010-02-28T06:00:00.000,,,NZD,NZD,,,,0,,,,,,,0,,,,18.5015,4.0,2025-12-03T06:00:00.000,Low,,,3,Qual,ST,NZL,New Zealand Dollar,12204621.0,False
70,ASX Ltd,0P00006W9V,0P00006W9V,E,0.35704,314993.0,11988737.0,-1659.0,Australia,ASX,-12.7207,23.0947,5,Undervalued,Wide,Financial Services,financialService,"{'trend': [12547695.0, 12267025.0, 12022514.0, 11988737.0]}",Equity,AU000000ASX7,,,,,,2010-03-31T05:00:00.000,,,AUD,AUD,,,,0,,,,,,,0,,,,17.8764,4.0,2025-12-03T06:00:00.000,Low,,,3,Qual,ST,AUS,Australian Dollar,11988737.0,True
71,Hongkong Land Holdings Ltd,0P0000A60C,0P0000A60C,E,0.35116,1794700.0,11791179.0,-9300.0,Singapore,H78,60.1732,19.3798,3,Fairly Valued,Narrow,Real Estate,realEstate,"{'trend': [11174349.0, 11117145.0, 11396345.0, 11791179.0]}",Equity,BMG4587L1090,,,,,,2018-04-03T05:00:00.000,,,USD,USD,,,,0,,,,,,,0,,,,12.5904,4.0,2025-12-03T06:00:00.000,Low,,,3,Qual,ST,BMU,US Dollar,11791179.0,False
72,Sonic Healthcare Ltd,0P00006WXE,0P00006WXE,E,0.34921,768198.0,11725736.0,-4050.0,Australia,SHL,-13.6655,18.9036,5,Undervalued,Narrow,Healthcare,healthcare,"{'trend': [10742461.0, 10527321.0, 11753348.0, 11725736.0]}",Equity,AU000000SHL7,,,,,,2010-02-28T06:00:00.000,,,AUD,AUD,,,,0,,,,,,,0,,,,18.2537,4.0,2025-12-03T06:00:00.000,Low,,,3,Qual,ST,AUS,Australian Dollar,11725736.0,True
73,Yangzijiang Shipbuilding (Holdings) Ltd,0P0000A6T3,0P0000A6T3,E,0.3329,4272200.0,11177986.0,-22200.0,Italy,BS6,28.4698,7.9177,3,Fairly Valued,,Industrials,industrials,"{'trend': [10996154.0, 11436721.0, 11050357.0, 11177986.0]}",Equity,SG1U76934819,,,,,,2025-11-07T06:00:00.000,,,SGD,SGD,,,,0,,,,,,,0,,,,32.8003,2.0,2025-12-03T06:00:00.000,High,,,3,Quan,ST,SGP,Singapore Dollar,11177986.0,False
74,REA Group Ltd,0P00006X2Q,0P00006X2Q,E,0.31999,84926.0,10744688.0,-447.0,Australia,REA,-19.5602,39.2157,1,Overvalued,Wide,Communication Services,communicationsServices,"{'trend': [13119230.0, 12013407.0, 10911104.0, 10744688.0]}",Equity,AU000000REA9,,,,,,2013-11-30T06:00:00.000,,,AUD,AUD,,,,0,,,,,,,0,,,,24.0526,3.0,2025-12-03T06:00:00.000,Medium,,,2,Qual,ST,AUS,Australian Dollar,10744688.0,False
75,Sands China Ltd Shs Unitary 144A/Reg S,0P0000N8VY,0P0000N8VY,E,0.31301,3932000.0,10510126.0,-20400.0,Macao,01928,-3.105,17.1821,3,Fairly Valued,Narrow,Consumer Cyclical,consumerCyclical,"{'trend': [11061411.0, 10381197.0, 10706741.0, 10510126.0]}",Equity,KYG7800X1079,,,,,,2010-02-28T06:00:00.000,,,HKD,HKD,,,,0,,,,,,,0,,,,16.6738,4.0,2025-12-03T06:00:00.000,Low,,,3,Qual,ST,CYM,Hong Kong Dollar,10510126.0,False
76,Vicinity Centres,0P0000UUDU,0P0000UUDU,ER,0.30817,6338337.0,10347836.0,-33414.0,Australia,VCX,31.7073,17.0648,3,Fairly Valued,None,Real Estate,realEstate,"{'trend': [10379033.0, 10305770.0, 10225470.0, 10347836.0]}",Equity,AU000000VCX7,,,,,,2019-10-17T05:00:00.000,,,AUD,AUD,,,,0,,,,,,,0,,,,11.5333,4.0,2025-12-03T06:00:00.000,Low,,,3,Qual,ST,AUS,Australian Dollar,10347836.0,False
77,Infratil Ltd,0P00007XVO,0P00007XVO,E,0.29754,1508671.0,9990662.0,-7953.0,New Zealand,IFT,-3.4583,48.3092,3,Fairly Valued,,Industrials,industrials,"{'trend': [11400378.0, 11311229.0, 10106867.0, 9990662.0]}",Equity,NZIFTE0003S3,,,,,,2025-11-07T06:00:00.000,,,NZD,NZD,,,,0,,,,,,,0,,,,6.561,5.0,2025-12-03T06:00:00.000,Negligible,,,3,Quan,ST,NZL,New Zealand Dollar,9990662.0,False
78,MTR Corp Ltd,0P00009RQJ,0P00009RQJ,E,0.29632,2550277.0,9949934.0,-12000.0,Hong Kong,00066,14.484,14.43,3,Fairly Valued,Narrow,Industrials,industrials,"{'trend': [8714707.0, 9468991.0, 10115155.0, 9949934.0]}",Equity,HK0066009694,,,,,,2010-02-28T06:00:00.000,,,HKD,HKD,,,,0,,,,,,,0,,,,21.7917,3.0,2025-12-03T06:00:00.000,Medium,,,4,Qual,ST,HKG,Hong Kong Dollar,9949934.0,False
79,SGH Ltd,0P0000NPEP,0P0000NPEP,E,0.29261,329879.0,9825318.0,-1737.0,Australia,SGH,0.9574,19.1939,3,Fairly Valued,Narrow,Industrials,industrials,"{'trend': [11011926.0, 10620963.0, 10230466.0, 9825318.0]}",Equity,AU0000364754,,,,,,2024-02-29T06:00:00.000,,,AUD,AUD,,,,0,,,,,,,0,,,,22.379,3.0,2025-12-03T06:00:00.000,Medium,,,3,Qual,ST,AUS,Australian Dollar,9825318.0,False
80,HKT Trust and HKT Ltd,0P0000UOQB,0P0000UOQB,E,0.27499,6125540.0,9233652.0,-33000.0,Hong Kong,06823,31.7375,,3,Fairly Valued,,Communication Services,communicationsServices,"{'trend': [9151177.0, 9057848.0, 9362660.0, 9233652.0]}",Equity,HK0000093390,,,,,,2013-02-28T06:00:00.000,,,HKD,HKD,,,,0,,,,,,,0,,,,25.763,3.0,2025-12-03T06:00:00.000,Medium,,,3,Quan,ST,HKG,Hong Kong Dollar,9233652.0,False
81,Henderson Land Development Co Ltd,0P00009RP9,0P00009RP9,E,0.26187,2385759.0,8792995.0,-12000.0,Hong Kong,00012,25.04,13.3333,3,Fairly Valued,None,Real Estate,realEstate,"{'trend': [8484657.0, 8486203.0, 8990722.0, 8792995.0]}",Equity,HK0012000102,,,,,,2010-02-28T06:00:00.000,,,HKD,HKD,,,,0,,,,,,,0,,,,17.9297,4.0,2025-12-03T06:00:00.000,Low,,,4,Qual,ST,HKG,Hong Kong Dollar,8792995.0,False
82,Wharf Real Estate Investment Co Ltd,0P0001C950,0P0001C950,E,0.24976,2710073.0,8386265.0,-12000.0,Hong Kong,01997,24.0758,10.7875,4,Undervalued,Narrow,Real Estate,realEstate,"{'trend': [8070495.0, 7796996.0, 8549038.0, 8386265.0]}",Equity,KYG9593A1040,,,,,,2017-11-16T06:00:00.000,,,HKD,HKD,,,,0,,,,,,,0,,,,14.2704,4.0,2025-12-03T06:00:00.000,Low,,,5,Qual,ST,CYM,Hong Kong Dollar,8386265.0,False
83,Sino Land Co Ltd,0P00009RQW,0P00009RQW,E,0.23814,5942972.0,7996160.0,-30000.0,Hong Kong,00083,41.9676,,3,Fairly Valued,,Real Estate,realEstate,"{'trend': [7321253.0, 7478150.0, 7969152.0, 7996160.0]}",Equity,HK0083000502,,,,,,2010-02-28T06:00:00.000,,,HKD,HKD,,,,0,,,,,,,0,,,,16.4596,4.0,2025-12-03T06:00:00.000,Low,,,3,Quan,ST,HKG,Hong Kong Dollar,7996160.0,False
84,Qantas Airways Ltd,0P00006WUB,0P00006WUB,E,0.2292,1201703.0,7695973.0,-6339.0,Australia,QAN,15.2,8.6207,3,Fairly Valued,None,Industrials,industrials,"{'trend': [8773506.0, 8137203.0, 7865033.0, 7695973.0]}",Equity,AU000000QAN2,,,,,,2019-11-26T06:00:00.000,,,AUD,AUD,,,,0,,,,,,,0,,,,24.915,3.0,2025-12-03T06:00:00.000,Medium,,,3,Qual,ST,AUS,Australian Dollar,7695973.0,False
85,SITC International Holdings Co Ltd,0P0000PYO6,0P0000PYO6,E,0.22898,2190000.0,7688753.0,-9000.0,Hong Kong,01308,53.4,,2,Overvalued,,Industrials,industrials,"{'trend': [8490797.0, 8152734.0, 7521655.0, 7688753.0]}",Equity,KYG8187G1055,,,,,,2021-08-31T05:00:00.000,,,HKD,HKD,,,,0,,,,,,,0,,,,17.7206,4.0,2025-12-03T06:00:00.000,Low,,,2,Quan,ST,CYM,Hong Kong Dollar,7688753.0,False
86,CapitaLand Investment Ltd,0P0001NCUL,0P0001UJML,E,0.22892,3845200.0,7686542.0,-20100.0,Singapore,9CI,7.5472,15.5521,4,Undervalued,None,Real Estate,realEstate,"{'trend': [7821490.0, 7642805.0, 7867645.0, 7686542.0]}",Equity,SGXE62145532,,,,,,2021-09-15T05:00:00.000,,,SGD,SGD,,,,0,,,,,,,0,,,,11.4443,4.0,2025-12-03T06:00:00.000,Low,,,5,Qual,ST,SGP,Singapore Dollar,7686542.0,False
87,Contact Energy Ltd,0P00007XW0,0P00007XW0,E,0.22068,1380318.0,7409860.0,-7278.0,New Zealand,CEN,10.4427,23.0947,3,Fairly Valued,Narrow,Utilities,utilities,"{'trend': [7090966.0, 7199751.0, 7630560.0, 7409860.0]}",Equity,NZCENE0001S6,,,,,,2025-11-07T06:00:00.000,,,NZD,NZD,,,,0,,,,,,,0,,,,28.7152,3.0,2025-12-03T06:00:00.000,Medium,,,3,Qual,ST,NZL,New Zealand Dollar,7409860.0,False
88,Wilmar International Ltd,0P0000A6QL,0P0000A6QL,E,0.21888,3132400.0,7349590.0,-16500.0,Singapore,F34,4.902,10.2881,3,Fairly Valued,,Consumer Defensive,consumerDefensive,"{'trend': [6756481.0, 7387950.0, 7836139.0, 7349590.0]}",Equity,SG1T56930848,,,,,,2010-02-28T06:00:00.000,,,SGD,SGD,,,,0,,,,,,,0,,,,29.219,3.0,2025-12-03T06:00:00.000,Medium,,,3,Quan,ST,SGP,Singapore Dollar,7349590.0,True
89,CK Infrastructure Holdings Ltd,0P00009S5G,0P00009S5G,E,0.20916,1050000.0,7023299.0,-4500.0,United Kingdom,01038,8.73,14.2653,4,Undervalued,None,Utilities,utilities,"{'trend': [6676154.0, 6907195.0, 7269189.0, 7023299.0]}",Equity,BMG2178K1009,,,,,,2017-06-23T05:00:00.000,,,HKD,HKD,,,,0,,,,,,,0,,,,29.1793,3.0,2025-12-03T06:00:00.000,Medium,,,5,Qual,ST,BMU,Hong Kong Dollar,7023299.0,False
90,Meridian Energy Ltd,0P0000ZT99,0P0000ZT99,E,0.2024,2138431.0,6796308.0,-11277.0,New Zealand,MEL,1.6129,30.9598,3,Fairly Valued,Narrow,Utilities,utilities,"{'trend': [6710021.0, 7351474.0, 6911224.0, 6796308.0]}",Equity,NZMELE0002S7,,,,,,2015-05-31T05:00:00.000,,,NZD,NZD,,,,0,,,,,,,0,,,,19.5446,4.0,2025-12-03T06:00:00.000,Low,,,3,Qual,ST,NZL,New Zealand Dollar,6796308.0,False
91,Sembcorp Industries Ltd,0P0000A6AM,0P0000A6AM,E,0.19651,1463900.0,6598368.0,-7500.0,Singapore,U96,10.7527,,3,Fairly Valued,,Industrials,industrials,"{'trend': [6894142.0, 7445439.0, 6928701.0, 6598368.0]}",Equity,SG1R50925390,,,,,,2023-08-31T05:00:00.000,,,SGD,SGD,,,,0,,,,,,,0,,,,27.0613,3.0,2025-12-03T06:00:00.000,Medium,,,3,Quan,ST,SGP,Singapore Dollar,6598368.0,False
92,The Wharf (Holdings) Ltd,0P00009RP2,0P00009RP2,E,0.14562,1682039.0,4889447.0,-9000.0,Hong Kong,00004,1.0345,,3,Fairly Valued,,Real Estate,realEstate,"{'trend': [4855289.0, 4482298.0, 5098659.0, 4889447.0]}",Equity,HK0004000045,,,,,,2023-11-24T06:00:00.000,,,HKD,HKD,,,,0,,,,,,,0,,,,18.2532,4.0,2025-12-03T06:00:00.000,Low,,,3,Quan,ST,HKG,Hong Kong Dollar,4889447.0,False
93,Swire Pacific Ltd Class A,0P00009RPF,0P00009RPF,E,0.13947,564976.0,4682964.0,-3000.0,Hong Kong,00019,-0.7184,8.6356,4,Undervalued,Narrow,Industrials,industrials,"{'trend': [4831360.0, 4732902.0, 4843833.0, 4682964.0]}",Equity,HK0019000162,,,,,,2010-02-28T06:00:00.000,,,HKD,HKD,,,,0,,,,,,,0,,,,37.3258,2.0,2025-12-03T06:00:00.000,High,,,5,Qual,ST,HKG,Hong Kong Dollar,4682964.0,False
94,AUD - Spendable Cash,,,C,0.49141,24863404.0,16500598.0,24863404.0,United States,,,,,,,,,,Other,,,501011,cashAndEquivalents,cashAndEquivalents,Cash,,2025-12-11T06:00:00.000,,AUD,AUD,,,,0,_PO_,,,,,,0,,,,,,,,,,,,,,Australian Dollar,16500598.0,
95,SPI 200 DEC 25,,,EL,0.39012,92.0,13099522.0,92.0,,,,,,,,,,,Other,,,,,,,,2025-12-18T06:00:00.000,,AUD,AUD,,,,0,_PO_,,,,,,0,,,,,,,,,,,,,,Australian Dollar,13099522.0,
96,AUD - Other Payables/Receivables,,,C,0.28108,14221697.0,9438229.0,14221697.0,United States,,,,,,,,,,Other,,,501011,cashAndEquivalents,cashAndEquivalents,Cash,,2025-12-11T06:00:00.000,,AUD,AUD,,,,0,_PO_,,,,,,0,,,,,,,,,,,,,,Australian Dollar,9438229.0,
97,AUD/USD Purchased,,,CU,0.20544,6898135.0,6898135.0,6898135.0,,,,,,,,,,,Other,,,602030,derivative,Future/Forward,Currency Forward/Future,,2025-12-12T06:00:00.000,,USD,USD,,,,0,_PO_,,,,,,0,,,,,,,,,,,,,,US Dollar,6898135.0,
98,HKD - Spendable Cash,,,C,0.15978,41749014.0,5365094.0,41749014.0,United States,,,,,,,,,,Other,,,501011,cashAndEquivalents,cashAndEquivalents,Cash,,2025-12-11T06:00:00.000,,HKD,HKD,,,,0,_PO_,,,,,,0,,,,,,,,,,,,,,Hong Kong Dollar,5365094.0,
99,SGD - Spendable Cash,,,C,0.13721,5969165.0,4607082.0,5969165.0,United States,,,,,,,,,,Other,,,501011,cashAndEquivalents,cashAndEquivalents,Cash,,2025-12-11T06:00:00.000,,SGD,SGD,,,,0,_PO_,,,,,,0,,,,,,,,,,,,,,Singapore Dollar,4607082.0,
100,MSCI Hong Kong USD Net Total Return Future Dec 25,,,EL,0.11873,53.0,3986660.0,53.0,Germany,,,,,,,,,,Other,DE000C7H17E4,,,,,,,2025-12-19T06:00:00.000,,USD,USD,,,,0,_PO_,,,,,,0,,,,,,,,,,,,,,US Dollar,3986660.0,
101,AUD/USD Purchased,,,CU,0.10317,3464328.0,3464328.0,3464328.0,,,,,,,,,,,Other,,,602030,derivative,Future/Forward,Currency Forward/Future,,2025-12-11T06:00:00.000,,USD,USD,,,,0,_PO_,,,,,,0,,,,,,,,,,,,,,US Dollar,3464328.0,
102,AUD/USD Purchased,,,CU,0.10272,3449068.0,3449068.0,3449068.0,,,,,,,,,,,Other,,,602030,derivative,Future/Forward,Currency Forward/Future,,2025-12-12T06:00:00.000,,USD,USD,,,,0,_PO_,,,,,,0,,,,,,,,,,,,,,US Dollar,3449068.0,
103,Msci Sing Ix Ets Dec 25,,,EL,0.10121,101.0,3398368.0,101.0,,,,,,,,,,,Other,SGXDB1767522,,,,,,,2025-12-30T06:00:00.000,,SGD,SGD,,,,0,_PO_,,,,,,0,,,,,,,,,,,,,,Singapore Dollar,3398368.0,
104,HKD/USD Purchased,,,CU,0.0493,1655393.0,1655393.0,1655393.0,,,,,,,,,,,Other,,,602030,derivative,Future/Forward,Currency Forward/Future,,2025-12-12T06:00:00.000,,USD,USD,,,,0,_PO_,,,,,,0,,,,,,,,,,,,,,US Dollar,1655393.0,
105,CASH COLLATERAL USD MLIFT,,,CA,0.04095,1375000.0,1375000.0,1375000.0,United Kingdom,,,,,,,,,,Other,,,501024,cashAndEquivalents,cashAndEquivalents,Collateral,,2049-12-31T06:00:00.000,,USD,USD,,,,0,_PO_,,,,,,0,,,,,,,,,,,,,,US Dollar,1375000.0,
106,NZD - Spendable Cash,,,C,0.02893,1681175.0,971467.0,1681175.0,United States,,,,,,,,,,Other,,,501011,cashAndEquivalents,cashAndEquivalents,Cash,,2025-12-11T06:00:00.000,,NZD,NZD,,,,0,_PO_,,,,,,0,,,,,,,,,,,,,,New Zealand Dollar,971467.0,
107,SGD/USD Purchased,,,CU,0.02876,965741.0,965741.0,965741.0,,,,,,,,,,,Other,,,602030,derivative,Future/Forward,Currency Forward/Future,,2025-12-12T06:00:00.000,,USD,USD,,,,0,_PO_,,,,,,0,,,,,,,,,,,,,,US Dollar,965741.0,
108,HKD - Other Payables/Receivables,,,C,0.02702,7060322.0,907310.0,7060322.0,United States,,,,,,,,,,Other,,,501011,cashAndEquivalents,cashAndEquivalents,Cash,,2025-12-11T06:00:00.000,,HKD,HKD,,,,0,_PO_,,,,,,0,,,,,,,,,,,,,,Hong Kong Dollar,907310.0,
109,AUD/USD Purchased,,,CU,0.02668,895927.0,895927.0,895927.0,,,,,,,,,,,Other,,,602030,derivative,Future/Forward,Currency Forward/Future,,2025-12-12T06:00:00.000,,USD,USD,,,,0,_PO_,,,,,,0,,,,,,,,,,,,,,US Dollar,895927.0,
110,HKD/USD Purchased,,,CU,0.02483,833822.0,833822.0,833822.0,,,,,,,,,,,Other,,,602030,derivative,Future/Forward,Currency Forward/Future,,2025-12-11T06:00:00.000,,USD,USD,,,,0,_PO_,,,,,,0,,,,,,,,,,,,,,US Dollar,833822.0,
111,HKD/USD Purchased,,,CU,0.02465,827696.0,827696.0,827696.0,,,,,,,,,,,Other,,,602030,derivative,Future/Forward,Currency Forward/Future,,2025-12-12T06:00:00.000,,USD,USD,,,,0,_PO_,,,,,,0,,,,,,,,,,,,,,US Dollar,827696.0,
112,SGD/USD Purchased,,,CU,0.01438,482871.0,482871.0,482871.0,,,,,,,,,,,Other,,,602030,derivative,Future/Forward,Currency Forward/Future,,2025-12-12T06:00:00.000,,USD,USD,,,,0,_PO_,,,,,,0,,,,,,,,,,,,,,US Dollar,482871.0,
113,SGD/USD Purchased,,,CU,0.01435,481680.0,481680.0,481680.0,,,,,,,,,,,Other,,,602030,derivative,Future/Forward,Currency Forward/Future,,2025-12-11T06:00:00.000,,USD,USD,,,,0,_PO_,,,,,,0,,,,,,,,,,,,,,US Dollar,481680.0,
114,NZD/USD Purchased,,,CU,0.00609,204585.0,204585.0,204585.0,,,,,,,,,,,Other,,,602030,derivative,Future/Forward,Currency Forward/Future,,2025-12-12T06:00:00.000,,USD,USD,,,,0,_PO_,,,,,,0,,,,,,,,,,,,,,US Dollar,204585.0,
115,NZD - Other Payables/Receivables,,,C,0.00491,285501.0,164977.0,285501.0,United States,,,,,,,,,,Other,,,501011,cashAndEquivalents,cashAndEquivalents,Cash,,2025-12-11T06:00:00.000,,NZD,NZD,,,,0,_PO_,,,,,,0,,,,,,,,,,,,,,New Zealand Dollar,164977.0,
116,SGD - Other Payables/Receivables,,,C,0.0047,204599.0,157912.0,204599.0,United States,,,,,,,,,,Other,,,501011,cashAndEquivalents,cashAndEquivalents,Cash,,2025-12-11T06:00:00.000,,SGD,SGD,,,,0,_PO_,,,,,,0,,,,,,,,,,,,,,Singapore Dollar,157912.0,
117,NZD/USD Purchased,,,CU,0.00305,102397.0,102397.0,102397.0,,,,,,,,,,,Other,,,602030,derivative,Future/Forward,Currency Forward/Future,,2025-12-11T06:00:00.000,,USD,USD,,,,0,_PO_,,,,,,0,,,,,,,,,,,,,,US Dollar,102397.0,
118,NZD/USD Purchased,,,CU,0.00305,102293.0,102293.0,102293.0,,,,,,,,,,,Other,,,602030,derivative,Future/Forward,Currency Forward/Future,,2025-12-12T06:00:00.000,,USD,USD,,,,0,_PO_,,,,,,0,,,,,,,,,,,,,,US Dollar,102293.0,
119,GBP - Spendable Cash,,,C,0.00134,33751.0,44958.0,33751.0,United States,,,,,,,,,,Other,,,501011,cashAndEquivalents,cashAndEquivalents,Cash,,2025-12-11T06:00:00.000,,GBP,GBP,,,,0,_PO_,,,,,,0,,,,,,,,,,,,,,British Pound Sterling,44958.0,
120,EUR - Spendable Cash,,,C,0.00054,15622.0,18187.0,15622.0,United States,,,,,,,,,,Other,,,501011,cashAndEquivalents,cashAndEquivalents,Cash,,2025-12-11T06:00:00.000,,EUR,EUR,,,,0,_PO_,,,,,,0,,,,,,,,,,,,,,Euro,18187.0,
121,AUD/USD Sold,,,CU,0.0,5214275.0,0.0,-5214275.0,,,,,,,,,,,Other,,,602030,derivative,Future/Forward,Currency Forward/Future,,2025-12-11T06:00:00.000,,AUD,AUD,,,,0,_PO_,,,,,,0,,,,,,,,,,,,,,,0.0,
122,AUD/USD Sold,,,CU,0.0,10394299.0,0.0,-10394299.0,,,,,,,,,,,Other,,,602030,derivative,Future/Forward,Currency Forward/Future,,2025-12-12T06:00:00.000,,AUD,AUD,,,,0,_PO_,,,,,,0,,,,,,,,,,,,,,,0.0,
123,AUD/USD Sold,,,CU,0.0,1350007.0,0.0,-1350007.0,,,,,,,,,,,Other,,,602030,derivative,Future/Forward,Currency Forward/Future,,2025-12-12T06:00:00.000,,AUD,AUD,,,,0,_PO_,,,,,,0,,,,,,,,,,,,,,,0.0,
124,AUD/USD Sold,,,CU,0.0,5197150.0,0.0,-5197150.0,,,,,,,,,,,Other,,,602030,derivative,Future/Forward,Currency Forward/Future,,2025-12-12T06:00:00.000,,AUD,AUD,,,,0,_PO_,,,,,,0,,,,,,,,,,,,,,,0.0,
125,NZD/USD Sold,,,CU,0.0,177021.0,0.0,-177021.0,,,,,,,,,,,Other,,,602030,derivative,Future/Forward,Currency Forward/Future,,2025-12-11T06:00:00.000,,NZD,NZD,,,,0,_PO_,,,,,,0,,,,,,,,,,,,,,,0.0,
126,NZD/USD Sold,,,CU,0.0,354049.0,0.0,-354049.0,,,,,,,,,,,Other,,,602030,derivative,Future/Forward,Currency Forward/Future,,2025-12-12T06:00:00.000,,NZD,NZD,,,,0,_PO_,,,,,,0,,,,,,,,,,,,,,,0.0,
127,NZD/USD Sold,,,CU,0.0,177024.0,0.0,-177024.0,,,,,,,,,,,Other,,,602030,derivative,Future/Forward,Currency Forward/Future,,2025-12-12T06:00:00.000,,NZD,NZD,,,,0,_PO_,,,,,,0,,,,,,,,,,,,,,,0.0,
128,HKD/USD Sold,,,CU,0.0,6488796.0,0.0,-6488796.0,,,,,,,,,,,Other,,,602030,derivative,Future/Forward,Currency Forward/Future,,2025-12-11T06:00:00.000,,HKD,HKD,,,,0,_PO_,,,,,,0,,,,,,,,,,,,,,,0.0,
129,HKD/USD Sold,,,CU,0.0,6440868.0,0.0,-6440868.0,,,,,,,,,,,Other,,,602030,derivative,Future/Forward,Currency Forward/Future,,2025-12-12T06:00:00.000,,HKD,HKD,,,,0,_PO_,,,,,,0,,,,,,,,,,,,,,,0.0,
130,HKD/USD Sold,,,CU,0.0,12881736.0,0.0,-12881736.0,,,,,,,,,,,Other,,,602030,derivative,Future/Forward,Currency Forward/Future,,2025-12-12T06:00:00.000,,HKD,HKD,,,,0,_PO_,,,,,,0,,,,,,,,,,,,,,,0.0,
131,SGD/USD Sold,,,CU,0.0,624790.0,0.0,-624790.0,,,,,,,,,,,Other,,,602030,derivative,Future/Forward,Currency Forward/Future,,2025-12-11T06:00:00.000,,SGD,SGD,,,,0,_PO_,,,,,,0,,,,,,,,,,,,,,,0.0,
132,SGD/USD Sold,,,CU,0.0,625636.0,0.0,-625636.0,,,,,,,,,,,Other,,,602030,derivative,Future/Forward,Currency Forward/Future,,2025-12-12T06:00:00.000,,SGD,SGD,,,,0,_PO_,,,,,,0,,,,,,,,,,,,,,,0.0,
133,SGD/USD Sold,,,CU,0.0,1251272.0,0.0,-1251272.0,,,,,,,,,,,Other,,,602030,derivative,Future/Forward,Currency Forward/Future,,2025-12-12T06:00:00.000,,SGD,SGD,,,,0,_PO_,,,,,,0,,,,,,,,,,,,,,,0.0,
134,SGD/USD Sold,,,CU,0.0,481680.0,0.0,481680.0,,,,,,,,,,,Other,,,602030,derivative,Future/Forward,Currency Forward/Future,,2025-12-11T06:00:00.000,,USD,USD,,,,0,_PO_,,,,,,0,,,,,,,,,,,,,,,0.0,
135,HKD/USD Sold,,,CU,0.0,833822.0,0.0,833822.0,,,,,,,,,,,Other,,,602030,derivative,Future/Forward,Currency Forward/Future,,2025-12-11T06:00:00.000,,USD,USD,,,,0,_PO_,,,,,,0,,,,,,,,,,,,,,,0.0,
136,NZD/USD Sold,,,CU,0.0,102397.0,0.0,102397.0,,,,,,,,,,,Other,,,602030,derivative,Future/Forward,Currency Forward/Future,,2025-12-11T06:00:00.000,,USD,USD,,,,0,_PO_,,,,,,0,,,,,,,,,,,,,,,0.0,
137,AUD/USD Sold,,,CU,0.0,3464328.0,0.0,3464328.0,,,,,,,,,,,Other,,,602030,derivative,Future/Forward,Currency Forward/Future,,2025-12-11T06:00:00.000,,USD,USD,,,,0,_PO_,,,,,,0,,,,,,,,,,,,,,,0.0,
138,HKD/USD Sold,,,CU,0.0,827696.0,0.0,827696.0,,,,,,,,,,,Other,,,602030,derivative,Future/Forward,Currency Forward/Future,,2025-12-12T06:00:00.000,,USD,USD,,,,0,_PO_,,,,,,0,,,,,,,,,,,,,,,0.0,
139,HKD/USD Sold,,,CU,0.0,1655393.0,0.0,1655393.0,,,,,,,,,,,Other,,,602030,derivative,Future/Forward,Currency Forward/Future,,2025-12-12T06:00:00.000,,USD,USD,,,,0,_PO_,,,,,,0,,,,,,,,,,,,,,,0.0,
140,SGD/USD Sold,,,CU,0.0,482871.0,0.0,482871.0,,,,,,,,,,,Other,,,602030,derivative,Future/Forward,Currency Forward/Future,,2025-12-12T06:00:00.000,,USD,USD,,,,0,_PO_,,,,,,0,,,,,,,,,,,,,,,0.0,
141,SGD/USD Sold,,,CU,0.0,965741.0,0.0,965741.0,,,,,,,,,,,Other,,,602030,derivative,Future/Forward,Currency Forward/Future,,2025-12-12T06:00:00.000,,USD,USD,,,,0,_PO_,,,,,,0,,,,,,,,,,,,,,,0.0,
142,AUD/USD Sold,,,CU,0.0,6898135.0,0.0,6898135.0,,,,,,,,,,,Other,,,602030,derivative,Future/Forward,Currency Forward/Future,,2025-12-12T06:00:00.000,,USD,USD,,,,0,_PO_,,,,,,0,,,,,,,,,,,,,,,0.0,
143,AUD/USD Sold,,,CU,0.0,895927.0,0.0,895927.0,,,,,,,,,,,Other,,,602030,derivative,Future/Forward,Currency Forward/Future,,2025-12-12T06:00:00.000,,USD,USD,,,,0,_PO_,,,,,,0,,,,,,,,,,,,,,,0.0,
144,AUD/USD Sold,,,CU,0.0,3449068.0,0.0,3449068.0,,,,,,,,,,,Other,,,602030,derivative,Future/Forward,Currency Forward/Future,,2025-12-12T06:00:00.000,,USD,USD,,,,0,_PO_,,,,,,0,,,,,,,,,,,,,,,0.0,
145,NZD/USD Sold,,,CU,0.0,204585.0,0.0,204585.0,,,,,,,,,,,Other,,,602030,derivative,Future/Forward,Currency Forward/Future,,2025-12-12T06:00:00.000,,USD,USD,,,,0,_PO_,,,,,,0,,,,,,,,,,,,,,,0.0,
146,NZD/USD Sold,,,CU,0.0,102293.0,0.0,102293.0,,,,,,,,,,,Other,,,602030,derivative,Future/Forward,Currency Forward/Future,,2025-12-12T06:00:00.000,,USD,USD,,,,0,_PO_,,,,,,0,,,,,,,,,,,,,,,0.0,
147,NZD/USD Purchased,,,CU,-0.00305,177021.0,-102287.0,-177021.0,,,,,,,,,,,Other,,,602030,derivative,Future/Forward,Currency Forward/Future,,2025-12-11T06:00:00.000,,NZD,NZD,,,,0,_PO_,,,,,,0,,,,,,,,,,,,,,New Zealand Dollar,-102287.0,
148,NZD/USD Purchased,,,CU,-0.00305,177024.0,-102294.0,-177024.0,,,,,,,,,,,Other,,,602030,derivative,Future/Forward,Currency Forward/Future,,2025-12-12T06:00:00.000,,NZD,NZD,,,,0,_PO_,,,,,,0,,,,,,,,,,,,,,New Zealand Dollar,-102294.0,
149,NZD/USD Purchased,,,CU,-0.00609,354049.0,-204587.0,-354049.0,,,,,,,,,,,Other,,,602030,derivative,Future/Forward,Currency Forward/Future,,2025-12-12T06:00:00.000,,NZD,NZD,,,,0,_PO_,,,,,,0,,,,,,,,,,,,,,New Zealand Dollar,-204587.0,
150,USD - OTHER PAYABLES/RECEIVABLES,,,C,-0.00638,214362.0,-214362.0,-214362.0,United States,,,,,,,,,,Other,,,501011,cashAndEquivalents,cashAndEquivalents,Cash,,2025-12-11T06:00:00.000,,USD,USD,,,,0,_PO_,,,,,,0,,,,,,,,,,,,,,US Dollar,-214362.0,
151,SGD/USD Purchased,,,CU,-0.01436,624790.0,-482184.0,-624790.0,,,,,,,,,,,Other,,,602030,derivative,Future/Forward,Currency Forward/Future,,2025-12-11T06:00:00.000,,SGD,SGD,,,,0,_PO_,,,,,,0,,,,,,,,,,,,,,Singapore Dollar,-482184.0,
152,SGD/USD Purchased,,,CU,-0.01438,625636.0,-482874.0,-625636.0,,,,,,,,,,,Other,,,602030,derivative,Future/Forward,Currency Forward/Future,,2025-12-12T06:00:00.000,,SGD,SGD,,,,0,_PO_,,,,,,0,,,,,,,,,,,,,,Singapore Dollar,-482874.0,
153,HKD/USD Purchased,,,CU,-0.02465,6440868.0,-827705.0,-6440868.0,,,,,,,,,,,Other,,,602030,derivative,Future/Forward,Currency Forward/Future,,2025-12-12T06:00:00.000,,HKD,HKD,,,,0,_PO_,,,,,,0,,,,,,,,,,,,,,Hong Kong Dollar,-827705.0,
154,HKD/USD Purchased,,,CU,-0.02483,6488796.0,-833820.0,-6488796.0,,,,,,,,,,,Other,,,602030,derivative,Future/Forward,Currency Forward/Future,,2025-12-11T06:00:00.000,,HKD,HKD,,,,0,_PO_,,,,,,0,,,,,,,,,,,,,,Hong Kong Dollar,-833820.0,
155,AUD/USD Purchased,,,CU,-0.02668,1350007.0,-895932.0,-1350007.0,,,,,,,,,,,Other,,,602030,derivative,Future/Forward,Currency Forward/Future,,2025-12-12T06:00:00.000,,AUD,AUD,,,,0,_PO_,,,,,,0,,,,,,,,,,,,,,Australian Dollar,-895932.0,
156,SGD/USD Purchased,,,CU,-0.02876,1251272.0,-965748.0,-1251272.0,,,,,,,,,,,Other,,,602030,derivative,Future/Forward,Currency Forward/Future,,2025-12-12T06:00:00.000,,SGD,SGD,,,,0,_PO_,,,,,,0,,,,,,,,,,,,,,Singapore Dollar,-965748.0,
157,HKD/USD Purchased,,,CU,-0.0493,12881736.0,-1655410.0,-12881736.0,,,,,,,,,,,Other,,,602030,derivative,Future/Forward,Currency Forward/Future,,2025-12-12T06:00:00.000,,HKD,HKD,,,,0,_PO_,,,,,,0,,,,,,,,,,,,,,Hong Kong Dollar,-1655410.0,
158,AUD/USD Purchased,,,CU,-0.10272,5197150.0,-3449088.0,-5197150.0,,,,,,,,,,,Other,,,602030,derivative,Future/Forward,Currency Forward/Future,,2025-12-12T06:00:00.000,,AUD,AUD,,,,0,_PO_,,,,,,0,,,,,,,,,,,,,,Australian Dollar,-3449088.0,
159,AUD/USD Purchased,,,CU,-0.10306,5214275.0,-3460454.0,-5214275.0,,,,,,,,,,,Other,,,602030,derivative,Future/Forward,Currency Forward/Future,,2025-12-11T06:00:00.000,,AUD,AUD,,,,0,_PO_,,,,,,0,,,,,,,,,,,,,,Australian Dollar,-3460454.0,
160,AUD/USD Purchased,,,CU,-0.20544,10394299.0,-6898177.0,-10394299.0,,,,,,,,,,,Other,,,602030,derivative,Future/Forward,Currency Forward/Future,,2025-12-12T06:00:00.000,,AUD,AUD,,,,0,_PO_,,,,,,0,,,,,,,,,,,,,,Australian Dollar,-6898177.0,
161,USD - Spendable Cash,,,C,-0.53671,18021638.0,-18021638.0,-18021638.0,United States,,,,,,,,,,Other,,,501011,cashAndEquivalents,cashAndEquivalents,Cash,,2025-12-11T06:00:00.000,,USD,USD,,,,0,_PO_,,,,,,0,,,,,,,,,,,,,,US Dollar,-18021638.0,
162,Cash Offset,,,CQ,-0.61006,20484550.0,-20484549.0,,,,,,,,,,,,Other,,,,,,,,,,USD,USD,,,,0,_PO_,,,,,,0,,,,,,,,,,,,,,,-20484549.0,
